[
{
  "model": "auth.group",
  "pk": 1,
  "fields": {
    "name": "Administrador",
    "permissions": []
  }
},
{
  "model": "auth.group",
  "pk": 2,
  "fields": {
    "name": "Setor de Est\u00e1gios",
    "permissions": []
  }
},
{
  "model": "auth.group",
  "pk": 3,
  "fields": {
    "name": "Professor",
    "permissions": []
  }
},
{
  "model": "auth.group",
  "pk": 4,
  "fields": {
    "name": "Empresa",
    "permissions": []
  }
},
{
  "model": "auth.group",
  "pk": 5,
  "fields": {
    "name": "Aluno",
    "permissions": []
  }
},
{
  "model": "auth.group",
  "pk": 6,
  "fields": {
    "name": "Gerente Vagas",
    "permissions": []
  }
},
{
  "model": "auth.user",
  "pk": 1,
  "fields": {
    "password": "pbkdf2_sha256$36000$Ci2nf6vHHb5Y$DKR5PNYn8/Dkd8JtIvwfMIiAtbDdjtGu/tqTJXVjuwE=",
    "last_login": "2018-05-09T13:54:13.673",
    "is_superuser": true,
    "username": "sva_dev",
    "first_name": "SVA",
    "last_name": "Desenvolvedor",
    "email": "sva@sva.cefetmg.br",
    "is_staff": true,
    "is_active": true,
    "date_joined": "2018-05-02T22:24:11",
    "groups": [
      1
    ],
    "user_permissions": []
  }
},
{
  "model": "auth.user",
  "pk": 2,
  "fields": {
    "password": "pbkdf2_sha256$36000$MBziWPyC5An2$CyiFM3WFwAoCdgaM7fRblBPnkt8gsG9KNq9xb4vguug=",
    "last_login": "2018-05-18T23:46:53.957",
    "is_superuser": false,
    "username": "08004952682",
    "first_name": "Gustavo",
    "last_name": "Borba",
    "email": "gustavohsborba@gmail.com",
    "is_staff": false,
    "is_active": true,
    "date_joined": "2018-05-02T22:25:06",
    "groups": [
      5
    ],
    "user_permissions": []
  }
},
{
  "model": "auth.user",
  "pk": 3,
  "fields": {
    "password": "pbkdf2_sha256$36000$onNNTKoZ5iju$gy0sHdDyVrNC77Gy1buWZHwz+4zwFEPhL9iP8ZOY4TE=",
    "last_login": null,
    "is_superuser": false,
    "username": "13160996603",
    "first_name": "Membro",
    "last_name": "Setor de Est\u00e1gios",
    "email": "estagios@gmail.com",
    "is_staff": true,
    "is_active": true,
    "date_joined": "2018-05-02T23:24:26",
    "groups": [
      2
    ],
    "user_permissions": []
  }
},
{
  "model": "auth.user",
  "pk": 4,
  "fields": {
    "password": "pbkdf2_sha256$36000$0r1KmJMfMoRm$1wZdAPa5jNhP8QYDvj4KgJKEyP2I+xKXlLOfKqsTN0I=",
    "last_login": "2018-05-18T21:47:55.923",
    "is_superuser": false,
    "username": "06990590000123",
    "first_name": "Google",
    "last_name": "Brasil",
    "email": "google@google.com",
    "is_staff": true,
    "is_active": true,
    "date_joined": "2018-05-02T23:27:30",
    "groups": [
      4,
      6
    ],
    "user_permissions": []
  }
},
{
  "model": "auth.user",
  "pk": 5,
  "fields": {
    "password": "pbkdf2_sha256$36000$yrCKvGJpKtKF$FfUGLorzdpaHWm9YybOj1Fbs8LtAG3WV6ZlNY4p2K9g=",
    "last_login": "2018-05-20T13:14:41.795",
    "is_superuser": false,
    "username": "06421978657",
    "first_name": "Ismael",
    "last_name": "Santana",
    "email": "ismaelsantana@decom.cefetmg.br",
    "is_staff": true,
    "is_active": true,
    "date_joined": "2018-05-02T23:31:00",
    "groups": [
      3,
      6
    ],
    "user_permissions": []
  }
},
{
  "model": "auth.user",
  "pk": 6,
  "fields": {
    "password": "pbkdf2_sha256$36000$9lmXogEoOv2x$SkGBkJ+V/S5kXe9Wsae44ctH6EMoZvX7cXJITDgUGRg=",
    "last_login": "2018-05-20T13:40:30.861",
    "is_superuser": false,
    "username": "10468521674",
    "first_name": "Eduardo",
    "last_name": "Silva",
    "email": "cyber.eduardo@gmail.com",
    "is_staff": false,
    "is_active": true,
    "date_joined": "2018-05-09T10:09:37.361",
    "groups": [
      5
    ],
    "user_permissions": []
  }
},
{
  "model": "auth.user",
  "pk": 7,
  "fields": {
    "password": "pbkdf2_sha256$36000$VAnfqcAthRlC$IPnuKYyje5uvFKySBnpzsezQPMuBy5lc5xXinw+pLOI=",
    "last_login": null,
    "is_superuser": false,
    "username": "00000000000191",
    "first_name": "Banco do Brasil",
    "last_name": "S.A.",
    "email": "bbteste@bb.com.br",
    "is_staff": false,
    "is_active": true,
    "date_joined": "2018-05-09T10:21:42",
    "groups": [
      4,
      6
    ],
    "user_permissions": []
  }
},
{
  "model": "auth.user",
  "pk": 8,
  "fields": {
    "password": "pbkdf2_sha256$36000$bxuZKXTrla2d$qsveoNlfoPtmm4jd+q6FzIrimBRzdKLx7lKoM1+96WM=",
    "last_login": "2018-05-16T09:33:57.083",
    "is_superuser": false,
    "username": "44601742005",
    "first_name": " ",
    "last_name": "",
    "email": "elisa@gmail.com",
    "is_staff": false,
    "is_active": false,
    "date_joined": "2018-05-16T09:21:05.425",
    "groups": [
      3,
      6
    ],
    "user_permissions": []
  }
},
{
  "model": "auth.user",
  "pk": 11,
  "fields": {
    "password": "pbkdf2_sha256$36000$ToyQOcJAOhW8$1hIEBZh6mvieNe11ULZCnzExbtwPKpMSS7/q0u08roU=",
    "last_login": "2018-05-16T09:39:45.215",
    "is_superuser": false,
    "username": "98674083064",
    "first_name": " ",
    "last_name": " ",
    "email": "olivia@gmail.com",
    "is_staff": false,
    "is_active": true,
    "date_joined": "2018-05-16T09:39:27.013",
    "groups": [
      3,
      6
    ],
    "user_permissions": []
  }
},
{
  "model": "auth.user",
  "pk": 18,
  "fields": {
    "password": "pbkdf2_sha256$36000$SnuL9G7AAzV1$P2Z/lxfF3EWnbqdLJMEtSd+n+IXk9/J7z3FfW10c8ZQ=",
    "last_login": "2018-05-16T10:17:19.315",
    "is_superuser": false,
    "username": "70464718783",
    "first_name": "Carlos",
    "last_name": "Casal",
    "email": "carlos@gmail.com",
    "is_staff": false,
    "is_active": true,
    "date_joined": "2018-05-16T10:14:08.765",
    "groups": [
      3,
      6
    ],
    "user_permissions": []
  }
},
{
  "model": "auth.user",
  "pk": 20,
  "fields": {
    "password": "pbkdf2_sha256$36000$C7BfnsQh65J2$8WEVBOzPxXILs63G5sgSqKipw2VZXxO09pI1Q8dpHKQ=",
    "last_login": "2018-05-16T10:31:28.220",
    "is_superuser": false,
    "username": "99999999999",
    "first_name": "Arnaldo",
    "last_name": "Costa",
    "email": "arnaldo@gmail.com",
    "is_staff": false,
    "is_active": false,
    "date_joined": "2018-05-16T10:28:31.080",
    "groups": [
      3,
      6
    ],
    "user_permissions": []
  }
},
{
  "model": "sva.campus",
  "pk": 1,
  "fields": {
    "nome": "Campus II",
    "cidade": "BELO HORIZONTE",
    "sigla": "CII"
  }
},
{
  "model": "sva.curso",
  "pk": 1,
  "fields": {
    "nome": "Engenharia de Computa\u00e7\u00e3o",
    "sigla": "ECOMP",
    "nivel_ensino": 2,
    "campus": [
      1
    ]
  }
},
{
  "model": "sva.habilidade",
  "pk": 1,
  "fields": {
    "nome": "Programa\u00e7\u00e3o"
  }
},
{
  "model": "sva.habilidade",
  "pk": 2,
  "fields": {
    "nome": "Engenharia de Software"
  }
},
{
  "model": "sva.areaatuacao",
  "pk": 1,
  "fields": {
    "area_mae": null,
    "nome": "Ci\u00eancias Exatas e Suas Tecnologias"
  }
},
{
  "model": "sva.areaatuacao",
  "pk": 2,
  "fields": {
    "area_mae": 1,
    "nome": "Computa\u00e7\u00e3o"
  }
},
{
  "model": "sva.areaatuacao",
  "pk": 3,
  "fields": {
    "area_mae": 1,
    "nome": "Eng"
  }
},
{
  "model": "sva.aluno",
  "pk": 1,
  "fields": {
    "user": 2,
    "curso": 1,
    "endereco": "Rua de exemplo, 2",
    "matricula": "201212040538",
    "cpf": "08004952682",
    "telefone": "3195073009",
    "data_cadastro": "2018-05-02T22:26:57.817",
    "data_fim": null,
    "habilidades": [
      2,
      1
    ],
    "areas_atuacao": [
      2
    ]
  }
},
{
  "model": "sva.aluno",
  "pk": 2,
  "fields": {
    "user": 6,
    "curso": 1,
    "endereco": "Rua Tal,55,1000,Belo Horizonte,Minas Gerais",
    "matricula": "201512040215",
    "cpf": "10468521674",
    "telefone": "993321842",
    "data_cadastro": "2018-05-09T10:09:37.419",
    "data_fim": null,
    "habilidades": [
      2,
      1
    ],
    "areas_atuacao": []
  }
},
{
  "model": "sva.gerentevaga",
  "pk": 1,
  "fields": {
    "user": 5,
    "nota_media": 0.0,
    "data_aprovacao": "2018-05-02T23:24:50.591",
    "data_fim": null
  }
},
{
  "model": "sva.gerentevaga",
  "pk": 2,
  "fields": {
    "user": 4,
    "nota_media": 0.0,
    "data_aprovacao": "2018-05-02T23:28:31.872",
    "data_fim": null
  }
},
{
  "model": "sva.gerentevaga",
  "pk": 3,
  "fields": {
    "user": 8,
    "nota_media": 0.0,
    "data_aprovacao": "2018-05-16T09:21:05.485",
    "data_fim": null
  }
},
{
  "model": "sva.gerentevaga",
  "pk": 4,
  "fields": {
    "user": 11,
    "nota_media": 0.0,
    "data_aprovacao": "2018-05-16T09:39:27.065",
    "data_fim": null
  }
},
{
  "model": "sva.gerentevaga",
  "pk": 5,
  "fields": {
    "user": 18,
    "nota_media": 0.0,
    "data_aprovacao": "2018-05-16T10:14:08.821",
    "data_fim": null
  }
},
{
  "model": "sva.gerentevaga",
  "pk": 6,
  "fields": {
    "user": 20,
    "nota_media": 0.0,
    "data_aprovacao": "2018-05-16T10:28:31.260",
    "data_fim": null
  }
},
{
  "model": "sva.empresa",
  "pk": 2,
  "fields": {
    "cnpj": "06990590000123",
    "nome": "Google do Brasil",
    "website": null,
    "endereco": null,
    "telefone": null
  }
},
{
  "model": "sva.professor",
  "pk": 1,
  "fields": {
    "curso": 1,
    "telefone": null,
    "siape": "2986611",
    "cpf": "13160996603"
  }
},
{
  "model": "sva.professor",
  "pk": 3,
  "fields": {
    "curso": 1,
    "telefone": "34870060",
    "siape": "123",
    "cpf": "44601742005"
  }
},
{
  "model": "sva.professor",
  "pk": 4,
  "fields": {
    "curso": 1,
    "telefone": "986577790",
    "siape": "12345",
    "cpf": "98674083064"
  }
},
{
  "model": "sva.professor",
  "pk": 5,
  "fields": {
    "curso": 1,
    "telefone": "34820160",
    "siape": "123456",
    "cpf": "70464718783"
  }
},
{
  "model": "sva.professor",
  "pk": 6,
  "fields": {
    "curso": 1,
    "telefone": "986577790",
    "siape": "1515",
    "cpf": "99999999999"
  }
},
{
  "model": "sva.vaga",
  "pk": 10,
  "fields": {
    "gerente_vaga": 2,
    "titulo": "Suporte t\u00e9cnico",
    "descricao": "Formatar PC da galera",
    "data_submissao": "2018-05-16T19:11:26.396",
    "data_alteracao": "2018-05-18T21:27:20.662",
    "data_validade": "2018-05-21T19:14:00",
    "carga_horaria_semanal": 40,
    "local": "Sede",
    "valor_bolsa": 2000.0,
    "beneficios": "VR + Transporte",
    "nota_media": 0.0,
    "data_aprovacao": null,
    "usuario_aprovacao": null,
    "situacao": 3,
    "areas_atuacao": [
      2
    ],
    "cursos": [],
    "alunos_inscritos": [
      1
    ],
    "alunos_interessados": []
  }
},
{
  "model": "sva.vaga",
  "pk": 11,
  "fields": {
    "gerente_vaga": 2,
    "titulo": "Gerente de projeto",
    "descricao": "Mandar na galera",
    "data_submissao": "2018-05-16T19:12:31.473",
    "data_alteracao": "2018-05-16T19:12:31.473",
    "data_validade": "2018-05-15T12:00:00",
    "carga_horaria_semanal": 40,
    "local": "Edif\u00edcio Boulevard",
    "valor_bolsa": 18000.0,
    "beneficios": "Transporte particular + VR + VA",
    "nota_media": 0.0,
    "data_aprovacao": null,
    "usuario_aprovacao": null,
    "situacao": 1,
    "areas_atuacao": [
      2,
      3
    ],
    "cursos": [],
    "alunos_inscritos": [],
    "alunos_interessados": []
  }
},
{
  "model": "sva.vaga",
  "pk": 12,
  "fields": {
    "gerente_vaga": 2,
    "titulo": "Cientista de dados",
    "descricao": "Mexer com bitcoin",
    "data_submissao": "2018-05-16T19:13:15.890",
    "data_alteracao": "2018-05-17T21:57:15.668",
    "data_validade": "2018-05-18T14:00:00",
    "carga_horaria_semanal": 35,
    "local": "Centro de pesquisa",
    "valor_bolsa": 5000.0,
    "beneficios": "VR+VA+VT",
    "nota_media": 0.0,
    "data_aprovacao": null,
    "usuario_aprovacao": null,
    "situacao": 2,
    "areas_atuacao": [
      1,
      2
    ],
    "cursos": [
      1
    ],
    "alunos_inscritos": [
      2
    ],
    "alunos_interessados": []
  }
},
{
  "model": "sva.vaga",
  "pk": 13,
  "fields": {
    "gerente_vaga": 2,
    "titulo": "Analista SAP",
    "descricao": "Analista",
    "data_submissao": "2018-05-17T19:32:30.912",
    "data_alteracao": "2018-05-17T19:47:34.528",
    "data_validade": "2018-05-17T19:47:34.527",
    "carga_horaria_semanal": 30,
    "local": "Centro",
    "valor_bolsa": 3000.0,
    "beneficios": "",
    "nota_media": 0.0,
    "data_aprovacao": null,
    "usuario_aprovacao": null,
    "situacao": 4,
    "areas_atuacao": [
      2
    ],
    "cursos": [],
    "alunos_inscritos": [
      2
    ],
    "alunos_interessados": []
  }
},
{
  "model": "sva.vaga",
  "pk": 14,
  "fields": {
    "gerente_vaga": 2,
    "titulo": "Vaga de Eng. Comp",
    "descricao": "Vaga de teste de cursos",
    "data_submissao": "2018-05-17T21:58:04.100",
    "data_alteracao": "2018-05-17T21:58:04.100",
    "data_validade": null,
    "carga_horaria_semanal": 30,
    "local": "Rua Tal",
    "valor_bolsa": 1333.453,
    "beneficios": "",
    "nota_media": 0.0,
    "data_aprovacao": null,
    "usuario_aprovacao": null,
    "situacao": 1,
    "areas_atuacao": [
      2,
      3
    ],
    "cursos": [
      1
    ],
    "alunos_inscritos": [],
    "alunos_interessados": []
  }
},
{
  "model": "sva.vaga",
  "pk": 17,
  "fields": {
    "gerente_vaga": 1,
    "titulo": "Monitoria de Eng. Software",
    "descricao": "Ajudar o professor",
    "data_submissao": "2018-05-20T13:18:54.109",
    "data_alteracao": "2018-05-20T13:18:54.109",
    "data_validade": "2018-07-20T12:00:00",
    "carga_horaria_semanal": 15,
    "local": "C2",
    "valor_bolsa": 350.0,
    "beneficios": "",
    "nota_media": 0.0,
    "data_aprovacao": null,
    "usuario_aprovacao": null,
    "situacao": 3,
    "areas_atuacao": [
      2,
      3
    ],
    "cursos": [
      1
    ],
    "alunos_inscritos": [
      2
    ],
    "alunos_interessados": []
  }
},
{
  "model": "sva.notificacao",
  "pk": 1,
  "fields": {
    "vaga": 17,
    "usuario": 1,
    "tipo": 4,
    "data_cadastro": "2018-05-20T13:18:54.117",
    "mensagem": "Ismael cadastrou uma nova vaga. Clique para visualizar",
    "lida": false,
    "data_leitura": null,
    "link": null
  }
},
{
  "model": "sva.notificacao",
  "pk": 2,
  "fields": {
    "vaga": 17,
    "usuario": 3,
    "tipo": 4,
    "data_cadastro": "2018-05-20T13:18:54.128",
    "mensagem": "Ismael cadastrou uma nova vaga. Clique para visualizar",
    "lida": false,
    "data_leitura": null,
    "link": null
  }
}
]
